{
  "./output/preview/css/components-v2.css": "W/\"618a74b0-27238\"",
  "./output/preview/js/components-v2.js": "W/\"618a74b0-1985\"",
  "./output/preview/js/iframe.js": "W/\"618a74af-73d\"",
  "./output/preview/js/alpine.js": "W/\"618a74af-69c1\"",
  "./output/preview//favicon-32x32.png": "\"618a7447-50f\"",
  "./output/preview//favicon-16x16.png": "\"618a7447-405\"",
  "./output/preview/fonts/Inter-roman.var.woff2": "\"618a7447-37968\"",
  "./output/preview/css/app.css": "W/\"618a74af-1447f\"",
  "./output/preview/js/app.js": "W/\"618a74af-587d\"",
  "./output/preview/js/prism.js": "W/\"618a74af-56b8\"",
  "./output/preview/img/category-thumbnails/marketing/heroes.png": "\"618a7447-376d\"",
  "./output/preview/img/category-thumbnails/marketing/feature-sections.png": "\"618a7447-210a\"",
  "./output/preview/img/category-thumbnails/marketing/cta-sections.png": "\"618a7447-3922\"",
  "./output/preview/img/category-thumbnails/marketing/pricing.png": "\"618a7447-3b69\"",
  "./output/preview/img/category-thumbnails/marketing/header.png": "\"618a7447-1bb9\"",
  "./output/preview/img/category-thumbnails/marketing/faq-sections.png": "\"618a7447-46b4\"",
  "./output/preview/img/category-thumbnails/marketing/newsletter-sections.png": "\"618a7447-40b4\"",
  "./output/preview/img/category-thumbnails/marketing/stats-sections.png": "\"618a7447-4914\"",
  "./output/preview/img/category-thumbnails/marketing/testimonials.png": "\"618a7447-2e00\"",
  "./output/preview/img/category-thumbnails/marketing/blog-sections.png": "\"618a7447-4b53\"",
  "./output/preview/img/category-thumbnails/marketing/contact-sections.png": "\"618a7447-3a9c\"",
  "./output/preview/img/category-thumbnails/marketing/team-sections.png": "\"618a7447-4a8e\"",
  "./output/preview/img/category-thumbnails/marketing/content-sections.png": "\"618a7447-472c\"",
  "./output/preview/img/category-thumbnails/marketing/footers.png": "\"618a7447-2501\"",
  "./output/preview/img/category-thumbnails/marketing/logo-clouds.png": "\"618a7447-2ec4\"",
  "./output/preview/img/category-thumbnails/marketing/headers.png": "\"618a7447-198b\"",
  "./output/preview/img/category-thumbnails/marketing/banners.png": "\"618a7447-1c0a\"",
  "./output/preview/img/category-thumbnails/marketing/flyout-menus.png": "\"618a7447-2946\"",
  "./output/preview/img/category-thumbnails/marketing/404-pages.png": "\"618a7447-1f24\"",
  "./output/preview/img/category-thumbnails/marketing/landing-pages.png": "\"618a7447-4084\"",
  "./output/preview/img/category-thumbnails/marketing/pricing-pages.png": "\"618a7447-55cb\"",
  "./output/preview/img/category-thumbnails/marketing/contact-pages.png": "\"618a7447-4617\"",
  "./output/preview/img/category-thumbnails/application-ui/stacked.png": "\"618a7447-22ba\"",
  "./output/preview/img/category-thumbnails/application-ui/sidebar.png": "\"618a7447-26f4\"",
  "./output/preview/img/category-thumbnails/application-ui/multi-column.png": "\"618a7447-607d\"",
  "./output/preview/img/category-thumbnails/application-ui/page-headings.png": "\"618a7447-2ef3\"",
  "./output/preview/img/category-thumbnails/application-ui/card-headings.png": "\"618a7447-1f1c\"",
  "./output/preview/img/category-thumbnails/application-ui/section-headings.png": "\"618a7447-207f\"",
  "./output/preview/img/category-thumbnails/application-ui/description-lists.png": "\"618a7447-1eba\"",
  "./output/preview/img/category-thumbnails/application-ui/stats.png": "\"618a7447-1857\"",
  "./output/preview/img/category-thumbnails/application-ui/tables.png": "\"618a7447-1a5c\"",
  "./output/preview/img/category-thumbnails/application-ui/stacked-lists.png": "\"618a7447-1655\"",
  "./output/preview/img/category-thumbnails/application-ui/grid-lists.png": "\"618a7447-2e75\"",
  "./output/preview/img/category-thumbnails/application-ui/feeds.png": "\"618a7447-1994\"",
  "./output/preview/img/category-thumbnails/application-ui/form-layouts.png": "\"618a7447-39f2\"",
  "./output/preview/img/category-thumbnails/application-ui/input-groups.png": "\"618a7447-104e\"",
  "./output/preview/img/category-thumbnails/application-ui/select-menus.png": "\"618a7447-142e\"",
  "./output/preview/img/category-thumbnails/application-ui/sign-in-forms.png": "\"618a7447-2025\"",
  "./output/preview/img/category-thumbnails/application-ui/textareas.png": "\"618a7447-3c21\"",
  "./output/preview/img/category-thumbnails/application-ui/radio-groups.png": "\"618a7447-26dc\"",
  "./output/preview/img/category-thumbnails/application-ui/checkboxes.png": "\"618a7447-c7b\"",
  "./output/preview/img/category-thumbnails/application-ui/toggles.png": "\"618a7447-13d6\"",
  "./output/preview/img/category-thumbnails/application-ui/action-panels.png": "\"618a7447-15e3\"",
  "./output/preview/img/category-thumbnails/application-ui/alerts.png": "\"618a7447-1457\"",
  "./output/preview/img/category-thumbnails/application-ui/empty-states.png": "\"618a7447-1276\"",
  "./output/preview/img/category-thumbnails/application-ui/navbars.png": "\"618a7447-1b92\"",
  "./output/preview/img/category-thumbnails/application-ui/pagination.png": "\"618a7447-1483\"",
  "./output/preview/img/category-thumbnails/application-ui/tabs.png": "\"618a7447-10b7\"",
  "./output/preview/img/category-thumbnails/application-ui/vertical-navigation.png": "\"618a7447-137b\"",
  "./output/preview/img/category-thumbnails/application-ui/sidebar-navigation.png": "\"618a7447-23bc\"",
  "./output/preview/img/category-thumbnails/application-ui/breadcrumbs.png": "\"618a7447-1641\"",
  "./output/preview/img/category-thumbnails/application-ui/steps.png": "\"618a7447-21a0\"",
  "./output/preview/img/category-thumbnails/application-ui/modals.png": "\"618a7447-47bb\"",
  "./output/preview/img/category-thumbnails/application-ui/slide-overs.png": "\"618a7447-42d8\"",
  "./output/preview/img/category-thumbnails/application-ui/notifications.png": "\"618a7447-43db\"",
  "./output/preview/img/category-thumbnails/application-ui/avatars.png": "\"618a7447-10e4\"",
  "./output/preview/img/category-thumbnails/application-ui/dropdowns.png": "\"618a7447-412c\"",
  "./output/preview/img/category-thumbnails/application-ui/badges.png": "\"618a7447-844\"",
  "./output/preview/img/category-thumbnails/application-ui/buttons.png": "\"618a7447-732\"",
  "./output/preview/img/category-thumbnails/application-ui/button-groups.png": "\"618a7447-108c\"",
  "./output/preview/img/category-thumbnails/application-ui/containers.png": "\"618a7447-2fc8\"",
  "./output/preview/img/category-thumbnails/application-ui/panels.png": "\"618a7447-1e4e\"",
  "./output/preview/img/category-thumbnails/application-ui/list-containers.png": "\"618a7447-13c5\"",
  "./output/preview/img/category-thumbnails/application-ui/media-objects.png": "\"618a7447-15f7\"",
  "./output/preview/img/category-thumbnails/application-ui/dividers.png": "\"618a7447-2507\"",
  "./output/preview/img/category-thumbnails/application-ui/home-screens.png": "\"618a7447-6b17\"",
  "./output/preview/img/category-thumbnails/application-ui/detail-screens.png": "\"618a7447-4d0f\"",
  "./output/preview/img/category-thumbnails/application-ui/settings-screens.png": "\"618a7447-3ff4\"",
  "./output/preview/img/category-thumbnails/ecommerce/product-overviews.png": "\"618a7447-46cd\"",
  "./output/preview/img/category-thumbnails/ecommerce/product-lists.png": "\"618a7447-75aa\"",
  "./output/preview/img/category-thumbnails/ecommerce/category-previews.png": "\"618a7447-57dc\"",
  "./output/preview/img/category-thumbnails/ecommerce/shopping-carts.png": "\"618a7447-67b5\"",
  "./output/preview/img/category-thumbnails/ecommerce/category-filters.png": "\"618a7447-5ec7\"",
  "./output/preview/img/category-thumbnails/ecommerce/product-quickviews.png": "\"618a7447-7cf0\"",
  "./output/preview/img/category-thumbnails/ecommerce/product-features.png": "\"618a7447-716b\"",
  "./output/preview/img/category-thumbnails/ecommerce/store-navigation.png": "\"618a7447-8d05\"",
  "./output/preview/img/category-thumbnails/ecommerce/promo-sections.png": "\"618a7447-5d4a\"",
  "./output/preview/img/category-thumbnails/ecommerce/checkout-forms.png": "\"618a7447-3db8\"",
  "./output/preview/img/category-thumbnails/ecommerce/reviews.png": "\"618a7447-41ef\"",
  "./output/preview/img/category-thumbnails/ecommerce/order-summaries.png": "\"618a7447-4f48\"",
  "./output/preview/img/category-thumbnails/ecommerce/order-history.png": "\"618a7447-4c13\"",
  "./output/preview/img/category-thumbnails/ecommerce/incentives.png": "\"618a7447-55cc\"",
  "./output/preview/img/category-thumbnails/ecommerce/storefront-pages.png": "\"618a7447-57ab\"",
  "./output/preview/img/category-thumbnails/ecommerce/product-pages.png": "\"618a7447-572a\"",
  "./output/preview/img/category-thumbnails/ecommerce/category-pages.png": "\"618a7447-5ece\"",
  "./output/preview/img/category-thumbnails/ecommerce/shopping-cart-pages.png": "\"618a7447-5082\"",
  "./output/preview/img/category-thumbnails/ecommerce/checkout-pages.png": "\"618a7447-54a6\"",
  "./output/preview/img/category-thumbnails/ecommerce/order-detail-pages.png": "\"618a7447-5289\"",
  "./output/preview/img/category-thumbnails/ecommerce/order-history-pages.png": "\"618a7447-68ce\""
}